"uf","media"
"DF",66.6766666666667
"MS",86.01
"AM",86.02
"GO",87.2166666666667
"RN",95.5607142857143
"PR",97.7668421052632
"BA",97.9727272727273
"RO",99.295
"PA",99.749
"RS",99.78
"MG",102.688081081081
"MA",104.413230769231
"SP",105.879468085106
"PE",107.485714285714
"RJ",107.724426229508
"TO",109.0825
"AL",109.508148148148
"CE",110.283529411765
"MT",111.035
"PB",114.0835
"SE",115.725
"PI",119.333076923077
"SC",121.998333333333
"RR",126.42
"ES",165.59
"AP",165.87
